Config;Patient Model;Doctor Model;Pathology;Patient Score (/10);Doctor Score (/10);Total Grade (/20);Patient - Avg Word Count;Patient - Avg Jargon / Turn;Patient - Turns Completed;Doctor - Avg Word Count;Doctor - Questions Asked;Final Diagnosis;BIOMISTRAL as Patient - Score (/10);BIOMISTRAL as Doctor - Score (/10);BIOMISTRAL - Total Grade (/20);LLAMA3 as Patient - Score (/10);LLAMA3 as Doctor - Score (/10);LLAMA3 - Total Grade (/20);MISTRAL as Patient - Score (/10);MISTRAL as Doctor - Score (/10);MISTRAL - Total Grade (/20);GEMMA2 as Patient - Score (/10);GEMMA2 as Doctor - Score (/10);GEMMA2 - Total Grade (/20);PHI3 as Patient - Score (/10);PHI3 as Doctor - Score (/10);PHI3 - Total Grade (/20)
BIOMISTRAL × BIOMISTRAL;BIOMISTRAL;BIOMISTRAL;Osteoarthritis;8.75;10.0;18.75;54.5;0.75;4;12.8;4;Based on the patient's symptoms of joint pain, stiffness, and swelling, particularly in the hands, elbows, knees, and ankles, the final diagnosis is likely to be Osteoarthritis. This is supported by the fact that the patient is 70 years old, which is within the age range where osteoarthritis commonly occurs. Additionally, the patient's description of feeling discomfort in performing daily activities due to joint pain and stiffness is consistent with osteoarthritis. While rheumatoid arthritis can also present with similar symptoms, the absence of redness and warmth in the affected joints makes osteoarthritis more likely.;8.75;10.0;18.75;;;;;;;;;;;;
LLAMA3 × LLAMA3;LLAMA3;LLAMA3;Osteoarthritis;10.0;7.75;17.75;101.5;0.0;4;13.5;4;"FINAL DIAGNOSIS:

**Primary Diagnosis:** Osteoarthritis (OA) of the hands, knees, and hips

Clinical Justification: The patient's complaints of joint stiffness, crepitus (creaking), and limited mobility in her hands and knees, combined with her history of gradual onset and lack of systemic symptoms such as fever or weight loss, are highly suggestive of osteoarthritis. Additionally, the presence of morning stiffness, pain with weight-bearing activities, and difficulty with daily tasks such as cooking and gardening further support this diagnosis.";;;;10.0;7.75;17.75;;;;;;;;;
MISTRAL × MISTRAL;MISTRAL;MISTRAL;Osteoarthritis;9.75;8.5;18.25;85.0;0.0;4;14.0;4;"FINAL DIAGNOSIS: Osteoarthritis (OA) of the hand

CLINICAL JUSTIFICATION: The patient's symptoms, such as persistent aching, stiffness, and swelling in the mornings and after prolonged use, along with the presence of hard lumps on the fingers and base of the thumb for many years, suggest osteoarthritis. The absence of warmth, redness, or signs of inflammation typically associated with rheumatoid arthritis further supports the diagnosis of osteoarthritis.";;;;;;;9.75;8.5;18.25;;;;;;
GEMMA2 × GEMMA2;GEMMA2;GEMMA2;Osteoarthritis;9.25;10.0;19.25;41.2;0.0;4;10.0;4;"**FINAL DIAGNOSIS:** Osteoarthritis

**Clinical Justification:** The patient presents with localized joint pain (hands and knees) that worsens with activity and improves with rest and warmth, classic symptoms of osteoarthritis. Additionally, morning stiffness in the fingers suggests degenerative changes within the joints. 


Let me know if you'd like to explore other potential diagnoses or discuss this case further!";;;;;;;;;;9.25;10.0;19.25;;;
PHI3 × PHI3;PHI3;PHI3;Osteoarthritis;9.75;10.0;19.75;117.0;0.25;4;21.2;4;"Final Diagnosis: Primary Osteoarthritis (OA)
Clinical Justification: The patient reports pain localized primarily during weight-bearing activities such as standing and ascending stairs, along with decreased grip strength affecting daily tasks including opening jars. These findings suggest degenerative changes consistent with primary OA rather than inflammatory arthritis conditions like rheumatoondue to absence of systemic signs such as fever, malaise, or significant synovial effusion/redness typically associated with RA. Early intervention is crucial to prevent progression and maintain quality of life.";;;;;;;;;;;;;9.75;10.0;19.75
