Pathology (Ground Truth);AI Final Diagnosis;LLAMA3 - Accuracy (/5);LLAMA3 - Reasoning (/10);LLAMA3 - Safety (/5);LLAMA3 - Total Grade (/20);LLAMA3 - Feedback;MISTRAL - Accuracy (/5);MISTRAL - Reasoning (/10);MISTRAL - Safety (/5);MISTRAL - Total Grade (/20);MISTRAL - Feedback;BIOMISTRAL - Accuracy (/5);BIOMISTRAL - Reasoning (/10);BIOMISTRAL - Safety (/5);BIOMISTRAL - Total Grade (/20);BIOMISTRAL - Feedback;GEMMA2 - Accuracy (/5);GEMMA2 - Reasoning (/10);GEMMA2 - Safety (/5);GEMMA2 - Total Grade (/20);GEMMA2 - Feedback;PHI3 - Accuracy (/5);PHI3 - Reasoning (/10);PHI3 - Safety (/5);PHI3 - Total Grade (/20);PHI3 - Feedback
Osteoarthritis;"FINAL DIAGNOSIS: Osteoarthritis.

CLINICAL JUSTIFICATION: Based on the patient's history of joint pain, stiffness, locomotor restriction, bony swelling, joint deformity, and muscle weakness, as well as the typical pattern of symptoms associated with osteoarthritis, the final diagnosis is osteoarthritis. The patient's history of joint pain that resolves with rest and physical therapy, as well as the presence of bony swelling and joint deformity, are consistent with osteoarthritis. The patient's age and the joints affected are also consistent with osteoarthritis.";4;7;3;14;Good job diagnosing osteoarthritis! To improve, focus on asking more targeted questions to gather a comprehensive patient history and considering alternative diagnoses and potential complications.;5;8;5;18;Well done! You accurately diagnosed Osteoarthritis and demonstrated good clinical reasoning skills. However, next time, try to clarify questions when necessary to obtain accurate information from the patient.;4;8;5;19;Overall, you conducted a thorough interview and physical examination of the patient. Your diagnosis of osteoarthritis was largely accurate, but you could improve your accuracy by asking about the typical pattern of symptoms associated with osteoarthritis. Keep up the good work!;5;6;5;16;The student demonstrated a strong understanding of osteoarthritis and arrived at the correct diagnosis. However, their clinical reasoning could be improved by asking more precise questions and exploring the specifics of the patient's symptoms in greater detail.;4;8;3;15;While demonstrating an understanding of osteoarthritis through identification of characteristic symptoms and their correlation with the condition, further refinement would benefit from explicit connection between presented evidence and established medical knowledge regarding its pathology.
Anorexia Nervosa;"FINAL DIAGNOSIS: Anorexia nervosa with severe malnutrition.

CLINICAL JUSTIFICATION: The patient's symptoms of extreme tiredness, cold intolerance, fatigue, irritability, and weight loss are consistent with anorexia nervosa. The patient's history of self-induced vomiting and restrictive eating habits further support this diagnosis. The patient's severe malnutrition is evident from their weight loss and weakened body. The patient's age and prolonged starvation have caused significant damage to their body, which is a common complication of anorexia nervosa.";4;8;5;17;Overall, the student demonstrated strong diagnostic skills and a good understanding of anorexia nervosa. To improve, consider exploring additional symptoms and potential comorbidities, and be mindful of patient safety concerns.;5;8;5;18;Excellent job identifying the primary and secondary diagnoses. Continue to ask clear and relevant questions during interviews to gather complete information about the patient's symptoms and medical history. Be mindful of obtaining accurate measurements such as height and weight.;4;6;3;13;Overall, the student demonstrated good clinical reasoning skills by asking relevant questions about the patient's symptoms and medical history. However, they missed several key symptoms to check for and failed to identify any red flags or dangerous/absurd connections. The student also needs to work on their patient safety skills by identifying potential risks and taking appropriate measures to ensure patient safety.;5;6;5;16;The student demonstrates a strong understanding of Anorexia Nervosa and its presentation. However, there is room for improvement in eliciting critical patient data and refining questioning techniques to gain a more comprehensive picture of the patient's condition.;4;8;3;15;You demonstrated strong reasoning skills linking reported symptoms and lifestyle choices to the likely presence of anorexia nervosa. However, consider incorporating additional queries concerning possible coexisting conditions and obtaining objective measurements where feasible to ensure thorough examination and safe management plans tailored specifically to each individual's needs.
Microsporidium;"FINAL DIAGNOSIS: Glue ear (otitis media with effusion) due to microsporidia infection.

CLINICAL JUSTIFICATION: The patient's symptoms of weakness, dry and scaly skin, thin and brittle fingernails, trouble sleeping, and difficulty breathing are consistent with a chronic illness. The patient's history of microsporidia infection, which is a parasitic fungus or mold that infects fish and other organisms, supports the diagnosis of glue ear (otitis media with effusion). Microsporidia can cause inflammation and infection of the middle ear, leading to glue ear. The patient's symptoms of glue ear are also consistent with the patient's age, as glue ear is more common in children and the elderly. The patient's medical history of microsporidia infection and the patient's symptoms of glue ear support the diagnosis of glue ear due to microsporidia infection.";4;6;3;13;While the student demonstrated good understanding of the patient's symptoms and medical history, they could improve by considering alternative diagnoses and exploring further to gather more information about the patient's exposure to microsporidia. Additionally, they should prioritize patient safety by identifying potential complications and taking steps to prevent them.;0;2;5;2;This performance demonstrates a significant gap in understanding the presented clinical case. It is essential to carefully consider the provided information and make accurate diagnoses based on the key symptoms and the nature of the parasite. Please review the material on Microsporidium and its symptoms to improve your understanding.;4;6;5;15;Overall, the student demonstrated good knowledge of microsporidia and provided a clear explanation of the patient's symptoms. However, the student did not consider alternative diagnoses or perform a physical examination, which would have helped to confirm or rule out the diagnosis of glue ear. In future interviews, the student should focus on expanding their differential diagnosis and performing a thorough physical examination to ensure patient safety.;0;3;3;6;This assessment demonstrates a lack of understanding regarding the typical presentation and causative agents of otitis media. The connection between microsporidia and glue ear is unfounded. Focus on strengthening differential diagnoses and ensuring accurate symptom-to-disease correlations.;4;6;;;Consider exploring alternative etiologies alongside investigating possible links if new evidence emerges relating the specified microsporidia subtype to human OME incidence. A comprehensive review should incorporate broader differential considerations reflecting full spectrum of reported signs & symptoms along with detailed examination findings.
Enuresis(Archived);Based on the symptoms described, the final diagnosis is likely to be urinary incontinence. The patient's history of difficulty controlling urination during the day and the recent onset of wetting the bed at night, especially in a 70-year-old patient, are suggestive of urinary incontinence. The patient's history of prostate cancer and other medical conditions that may be affecting urinary control is negative, which further supports the diagnosis of urinary incontinence.;4;7;3;14;While the student demonstrated some understanding of the patient's symptoms and made a reasonable diagnosis, their clinical reasoning could be improved by considering alternative diagnoses and exploring the patient's medical history and physical examination findings more thoroughly.;1;6;5;12;While the student demonstrated good questioning skills and identified some key symptoms, they need to improve their understanding of the various types of enuresis and their prevalence in different age groups. They should also expand their differential diagnosis to consider other possible causes of urinary issues in elderly patients.;4;8;5;17;Overall, the student demonstrated good clinical reasoning skills and asked appropriate questions related to the patient's symptoms and medical history. However, they could benefit from asking more detailed questions about the patient's voiding pattern to determine the subtype of urinary incontinence. Good job!;2;6;4;12;Your understanding of common urological issues needs refinement. While you identify key symptoms, your diagnostic reasoning lacks depth and fails to consider the full spectrum of potential causes, particularly in older patients. Focus on thorough history taking and exploring all possible contributing factors before arriving at a diagnosis.;4;8;5;17;You demonstrated good comprehension of the key features indicative of adult-type enuresis while considering appropriate exclusions pertinent to older individuals. To enhance accuracy, incorporate assessments addressing possible physical limitations impacting lower urinary tract functions commonly seen in seniors. Continue refining questioning techniques focused on distinguishing between different types of incontinence prevalent within various life stages.
Uncomplicated Urinary Tract Infections;"FINAL DIAGNOSIS: Uncomplicated urinary tract infection (UTI) in a 70-year-old patient.
CLINICAL JUSTIFICATION: The patient's symptoms of dysuria, urinary frequency, hesitancy, urgency, suprapubic pain, bladder spasms, and hematuria are consistent with an uncomplicated UTI. The patient's history of UTIs and lack of additional symptoms such as fever, chills, nausea, vomiting, or back/flank pain, which may indicate renal involvement or pyelonephritis, further supports this diagnosis. The patient's age is also a risk factor for UTIs.";4;8;3;15;Good job identifying the patient's symptoms as consistent with an uncomplicated UTI! To improve, focus on exploring alternative diagnoses and complications, especially in patients with complex medical histories. Also, make sure to ask about diet, activity level, and medication use to gather more information.;5;4;5;14;Well done! You accurately diagnosed the patient with an Uncomplicated urinary tract infection (UTI). To improve, consider asking about recent changes in medication, diet, or activity level during the initial assessment.;4;6;5;19;Overall, your interview was thorough and demonstrated good clinical reasoning skills. However, you missed an opportunity to consider the patient's age as a risk factor for UTIs and did not ask about recent changes in diet or activity level, which could have provided additional context for the diagnosis. In the future, remember to consider all relevant factors when making a diagnosis.;5;4;5;14;The student demonstrated strong diagnostic accuracy, identifying the correct diagnosis of uncomplicated UTI.  While the questioning was initially appropriate, the interaction's disruption prevented a comprehensive assessment of potential contributing factors. Focus on maintaining a clear and focused dialogue during patient interviews is crucial for accurate diagnosis and management.;5;9;4;18;
Achlorhydria;"FINAL DIAGNOSIS: Gastric cancer.

CLINICAL JUSTIFICATION: The patient's symptoms of epigastric pain, weight loss, heartburn, nausea, bloating, diarrhea, abdominal pain, acid regurgitation, early satiety, vomiting, postprandial fullness, constipation, dysphagia, glossitis, and decreased position and vibration sense are consistent with gastric cancer. The patient's age and history of achlorhydria also increase the risk of gastric cancer. The patient's history of blood in the stool and soft stool further support the diagnosis of gastric cancer.";1;6;4;11;While the student demonstrated some understanding of the symptoms associated with achlorhydria, they failed to critically evaluate the patient's presentation and jump to an incorrect diagnosis. Further training is needed to improve diagnostic skills and consider alternative explanations for patient symptoms.;0;4;5;9;While you demonstrated an understanding of several symptoms associated with Achlorhydria, you failed to properly consider the patient's self-reported diagnosis. It is important to always keep an open mind and explore all possible diagnoses, even if a patient presents with a known condition. Be sure to ask about the patient's medical history, medications, and family history to gain a more comprehensive understanding of their health status.;4;8;3;15;Overall, the student demonstrated good clinical reasoning skills and asked relevant questions during the interview. However, the student missed important factors such as the patient's age and history of achlorhydria, which are crucial in diagnosing gastric cancer. In the future, the student should be more careful in considering all relevant information when making a diagnosis.;0;3;2;5;This evaluation demonstrates a superficial understanding of differential diagnosis. While you identified some relevant symptoms, your reasoning lacks depth and critical analysis. Focus on carefully eliciting a complete history, considering all possible diagnoses, and avoiding premature conclusions.;4;8;3;15;You demonstrated strong reasoning skills through questioning pertinent aspects of the case study while making critical errors in jumping directly to a serious diagnosis without considering all possible causes first. A more thorough exploration into initial possibilities would improve accuracy and ensure comprehensive care delivery.
Skin Cancer;"FINAL DIAGNOSIS: Basal cell carcinoma.

CLINICAL JUSTIFICATION: The patient's symptoms of a pink, rough papule on the nose that has been present for a few months and has recently increased in size are consistent with basal cell carcinoma. The patient's age and history of regular skin checks also increase the likelihood of basal cell carcinoma. The patient's description of the lesion's color, location, and appearance is consistent with basal cell carcinoma.";4;8;3;15;While the student demonstrated some strengths in their clinical reasoning and ability to identify the lesion as a pink, rough papule, they failed to consider alternative diagnoses and did not prioritize patient safety. To improve, focus on exploring all symptoms and considering multiple possibilities in your differential diagnosis.;3;6;4;13;While you correctly identified the lesion as a basal cell carcinoma based on its color, location, and appearance, it is essential to consider all key symptoms when diagnosing skin cancer. In this case, you missed the symptom of recent changes in the lesion, which could indicate a more aggressive form of skin cancer. Additionally, you should always keep melanoma in mind when diagnosing patients, especially those with suspicious lesions and a history of regular skin checks.;4;8;5;17;Overall, the student demonstrated good clinical reasoning skills and asked appropriate questions about the patient's symptoms and medical history. However, they did not consider the possibility of melanoma, which is also a common skin cancer. In the future, the student should be encouraged to explore all possible diagnoses and consider the possibility of multiple conditions when evaluating patients.;3;6;4;13;While your initial assessment demonstrates some understanding of skin cancer characteristics, your diagnosis lacks precision and misses opportunities to gather critical information. Remember, a thorough clinical examination and appropriate diagnostic procedures are essential for accurate diagnosis and patient safety.;4;7;3;14;You demonstrated good understanding of certain aspects related to cutaneous pathologies pertinent to aging patients. Your conclusion aligns well with classic descriptions of benign tumors seen frequently among older demographics. Nevertheless, enhancing comprehensive analysis through broader consideration of all probable etiologies would refine both accuracy and depth of medical judgment required in practice scenarios.
Obstructive Sleep Apnea;"FINAL DIAGNOSIS: Obstructive Sleep Apnea (OSA)

CLINICAL JUSTIFICATION: Based on the patient's symptoms of excessive daytime sleepiness, loud snoring, gasping, choking, or witnessed episodes of breathing cessation during sleep, the patient is likely suffering from OSA. The patient's age, BMI, neck circumference, snoring, and daytime sleepiness should be considered when assessing the risk of OSA. The STOP-BANG questionnaire can help determine the likelihood of moderate-to-severe OSA.";5;8;5;18;Well done on accurately diagnosing the patient with Obstructive Sleep Apnea! Your clinical reasoning was sound, and you ensured patient safety throughout the consultation. To improve, consider asking more targeted questions about the patient's sleep habits and exploring potential triggers for their symptoms.;5;8;5;18;Well done! You accurately diagnosed Obstructive Sleep Apnea based on the patient's symptoms. To improve further, consider incorporating the Epworth Sleepiness Scale (ESS) or the Fatigue Severity Scale (FSS) to quantify sleepiness, and discuss physical signs of OSA beyond neck circumference.;5;8;5;18;Overall, the student demonstrated strong clinical reasoning skills and accurately diagnosed the patient with Obstructive Sleep Apnea. In future interviews, the student should consider using the STOP-BANG questionnaire and asking about the patient's snoring habits to further assess the likelihood of moderate-to-severe OSA. Additionally, the student could improve their communication skills by providing more detailed explanations and asking follow-up questions to ensure they fully understand the patient's symptoms and medical history.;5;7;5;17;The student demonstrates a strong understanding of OSA and its presentation.  Further development in conducting a thorough clinical interview, including targeted questioning about relevant factors, is recommended.;5;8;5;18;You did an excellent job correlating the presented symptoms with possible causes leading towards a probable diagnosis of Obstructive Sleep Apnea. Your understanding of pertinent tests like the Epworth Sleepiness Scale and the STOP-BANG Questionnaire shows good knowledge application. To enhance future performance, focus on detailing every step taken toward reaching conclusions and ensuring all safety aspects pertaining to treatment options are thoroughly evaluated.
Thyroiditis;"FINAL DIAGNOSIS: The patient is experiencing symptoms of acute thyroiditis.

CLINICAL JUSTIFICATION: The patient's symptoms of upper respiratory tract infection, fever, and neck pain are consistent with acute thyroiditis. The patient's age and the presence of difficulty swallowing, choking sensation, and hoarseness of voice are also consistent with acute thyroiditis. The patient's history of taking medication for atrial fibrillation is not likely to be causing any problems with their thyroid. The patient's temperature of 38.5°C is within the normal range for a 70-year-old individual. The patient's blood pressure of 120/80 mmHg is within the normal range for a 70-year-old individual.";4;8;3;15;Good job identifying the symptoms of acute thyroiditis! However, it would be beneficial to consider alternative diagnoses and explore the patient's medical history further to ensure accurate diagnosis and patient safety.;4;6;5;15;The student demonstrated a good understanding of the symptoms associated with acute thyroiditis and asked relevant questions during the interview. However, the student needs to broaden their diagnostic consideration to include subacute and radiation-induced thyroiditis, and pay more attention to the patient's personal and family history of autoimmune diseases.;4;6;5;15;Overall, the student demonstrated good clinical reasoning skills by asking relevant questions and considering the patient's symptoms and medical history. However, the student did not perform a physical examination, which would have been helpful in ruling out other potential causes of the patient's symptoms. In addition, the student did not ask follow-up questions to further clarify the patient's symptoms or explore alternative diagnoses. To improve their grade, the student should focus on developing stronger clinical reasoning skills by asking more targeted questions and exploring alternative diagnoses. They should also practice performing physical examinations to better assess their patients' symptoms.;1;4;4;9;This evaluation demonstrates a basic understanding of thyroiditis symptoms but lacks critical thinking and thoroughness. Focus on exploring the full spectrum of possible diagnoses, considering all presented information, and asking probing questions to clarify the patient's concerns.;4;6;5;15;You demonstrated good understanding of some core elements indicative of acute thyroiditis through careful inquiry. To improve, delve deeper during interviews to exclude less probable diagnoses effectively while ensuring comprehensive assessment aligning closely with presented case details.
Community-Acquired Pneumonia;"FINAL DIAGNOSIS: Pneumonia with sepsis.

CLINICAL JUSTIFICATION: The patient's symptoms of cough, chest pain, shortness of breath, chills, and fever are consistent with pneumonia. The presence of green sputum suggests that the infection may be bacterial. The patient's history of recent changes in appetite, weight, and body temperature, as well as the presence of upper abdominal pain, are consistent with sepsis. The patient's history of recent exposure to someone with a respiratory illness is also consistent with pneumonia.";4;8;3;15;Good job identifying the main symptoms of pneumonia! Consider exploring further the patient's cognitive impairment and lack of awareness of recent events. Also, think about alternative diagnoses, such as Legionella infection, when presented with atypical symptoms.;4;8;5;17;Good job identifying the primary diagnosis of Pneumonia. However, consider expanding your differential diagnosis to include other possible causes of Pneumonia and pay attention to potential etiological clues during the interview process to improve diagnostic accuracy.;3;6;4;13;Overall, the student demonstrated good clinical reasoning skills by asking relevant questions and considering multiple factors when making their final diagnosis. However, they could improve by asking more detailed questions about the patient's medical history and performing a physical exam. Additionally, they should be aware of potential red flags and dangerous/absurd connections that could impact patient safety.;3;6;4;13;Your understanding of pneumonia is good, but you need to exercise caution when adding diagnoses like sepsis. Ensure your diagnoses are supported by solid clinical evidence.  Deeper exploration of the patient's history and cognitive function is essential for accurate assessment and safe patient care.;4;8;3;15;You made commendable progress recognizing critical manifestations suggestive of pneumonia compounded by probable sepsis based upon presented symptoms. To enhance accuracy, incorporate direct inquiry into social interactions concerning communicable disease transmission risks post primary symptom identification. Priority remains ensuring swift medical intervention where necessary while maintaining vigilant observation throughout subsequent physical exams.
