Pathology (Ground Truth);Patient Model;Doctor Model;AI Final Diagnosis;Judge Evaluation (Raw Text)
Osteoarthritis;BioMistral/BioMistral-7B-DARE;BioMistral/BioMistral-7B-DARE;FINAL DIAGNOSIS: Osteoarthritis. JUSTIFICATION: Based on the patient's symptoms of joint pain, stiffness, and locomotor restriction, as well as the presence of bony swelling, joint deformity, and instability, the patient is likely experiencing osteoarthritis. The patient's description of pain that worsens with activity and improves with rest, as well as the presence of clicking or popping sounds in the affected joints, are also consistent with osteoarthritis. The patient's age and history of joint pain and stiffness are also risk factors for osteoarthritis.;1. Diagnosis Comparison:The student correctly identified the diagnosis as osteoarthritis. Grade: 5/5. | 2. Key Symptoms Comparison: The student identified all three key symptoms of osteoarthritis: joint pain, stiffness, and locomotor restriction. Additionally, the student identified bony swelling, joint deformity, and instability, which are also common symptoms of osteoarthritis. Grade: 4/5. | 3. Interview Transcript Analysis: The student accurately analyzed the interview transcript and identified relevant information about the patient's symptoms, medical history, and concerns. The student also demonstrated an understanding of the patient's risk factors for osteoarthritis. Grade: 4/5. | 4. Final Diagnosis Justification: The student presented a clear justification for the final diagnosis of osteoarthritis based on the patient's symptoms, medical history, and examination findings. Grade: 5/5. | Overall Grade: 18/20
Anorexia Nervosa;BioMistral/BioMistral-7B-DARE;BioMistral/BioMistral-7B-DARE;FINAL DIAGNOSIS: Hypothyroidism.  CLINICAL JUSTIFICATION: The patient's symptoms of fatigue, weakness, cold intolerance, and weight loss are consistent with hypothyroidism. The patient's history of difficulty concentrating and anxiety are also common symptoms of hypothyroidism. The patient's family history of thyroid disease is not relevant to the diagnosis of hypothyroidism. The patient's history of weight loss and difficulty gaining weight are also consistent with hypothyroidism. The patient's history of feeling cold all the time, even when it's not cold outside, is also consistent with hypothyroidism. The patient's history of lightheadedness is not consistent with hypothyroidism.;1. Diagnosis Comparison:The student correctly identified hypothyroidism as the final diagnosis, while the correct diagnosis was anorexia nervosa. Therefore, the student received 5 points out of 10. | 2. Key Symptoms Comparison: The student mentioned some key symptoms of anorexia nervosa, such as amenorrhea, cold intolerance, constipation, extremity edema, fatigue, and irritability. However, the student did not mention other key symptoms of anorexia nervosa, such as restrictive behaviors related to food like calorie counting or portion control, and purging methods, for example, self-induced vomiting or use of diuretics or laxatives. The student also mentioned some key symptoms of hypothyroidism, such as fatigue, weakness, cold intolerance, and weight loss. However, the student did not mention other key symptoms of hypothyroidism, such as difficulty concentrating and anxiety. Therefore, the student received 8 points out of 16. | 3. Interview Transcript Comparison: The student asked appropriate questions about the patient's symptoms and medical history, such as appetite, weight, sleep patterns, family history, and previous diagnoses. However, the student did not ask follow-up questions to clarify the patient's symptoms or explore possible causes of those symptoms. Therefore, the student received 7 points out of 10. | 4. Final Diagnosis Comparison: The student correctly identified hypothyroidism as the final diagnosis, while the correct diagnosis was anorexia nervosa. Therefore, the student received 5 points out of 10. | 5. Clinical Justification Comparison: The student provided a clear and accurate clinical justification for the final diagnosis of hypothyroidism, using the patient's symptoms and medical history. However, the student did not provide a clear
Microsporidium;BioMistral/BioMistral-7B-DARE;BioMistral/BioMistral-7B-DARE;FINAL DIAGNOSIS: Microsporidiosis. CLINICAL JUSTIFICATION: The patient's symptoms of a respiratory and urinary infection, along with their history of reading about microsporidia and their age, suggest that they may have been infected with microsporidia. The patient's mention of a rash or skin irritation, pain, fatigue, and weakness are also consistent with microsporidiosis. The patient's history of reading about microsporidia and their age suggest that they may have been exposed to the parasite through contaminated food or water. The patient's mention of a complex life cycle of microsporidia and their resistance to environmental factors also support the diagnosis of microsporidiosis.;1. Diagnosis Comparison:The student correctly identified the patient's diagnosis as microsporidiosis, which aligns with the clinical truth. Therefore, the student received full marks for this task. | 2. Key Symptoms Comparison: The student mentioned a few key symptoms that align with the clinical truth, including a rash or skin irritation, pain, fatigue, and weakness. However, the student did not mention the patient's respiratory and urinary infection, which are also key symptoms of microsporidiosis. Therefore, the student received partial marks for this task. | 3. Interview Transcript Comparison: The student asked appropriate questions during the interview, such as asking about the patient's symptoms and medical history. However, the student did not ask about the patient's vision or hearing, which are important aspects of the patient's medical history. Additionally, the student did not provide any information about microsporidia, which is the topic of discussion. Therefore, the student received partial marks for this task. | 4. Final Diagnosis Comparison: The student provided a correct final diagnosis of microsporidiosis, which aligns with the clinical truth. Therefore, the student received full marks for this task.
Enuresis(Archived);BioMistral/BioMistral-7B-DARE;BioMistral/BioMistral-7B-DARE;FINAL DIAGNOSIS: Enuresis (Nocturnal Enuresis)  CLINICAL JUSTIFICATION: Based on the patient's history of enuresis, which is an elimination disorder, and the DSM-5 diagnostic criteria for enuresis, the patient's symptoms are consistent with a diagnosis of enuresis. The patient's history of prostate problems, including BPH and TURP procedure, may be contributing to the enuresis. The patient's history of hypertension, hyperlipidemia, sleep apnea, and depression and anxiety may also be contributing factors. The patient's symptoms are clinically significant and are impairing his academic, social, and other areas of functioning.;1. Diagnosis Comparison:The student correctly identified the patient's diagnosis as enuresis. However, the student did not specify whether the patient had nocturnal-only or diurnal-only enuresis. Therefore, the student received a score of 8 out of 10 for this task. | 2. Key Symptoms Comparison: The student correctly identified the key symptoms of enuresis, including involuntary or intentional repeated voiding of urine into bed or clothes, clinically significant distress, and impairment in academic, social, or other areas of functioning. However, the student did not identify the chronological age requirement of at least 5 years or equivalent developmental level. Therefore, the student received a score of 9 out of 10 for this task.
Uncomplicated Urinary Tract Infections;BioMistral/BioMistral-7B-DARE;BioMistral/BioMistral-7B-DARE;FINAL DIAGNOSIS: Kidney Stone (Nephrolithiasis)  JUSTIFICATION: The patient's symptoms of burning sensation while urinating, frequent urination, difficulty starting urine stream, sudden urge to urinate, and cloudy and strong-smelling urine are consistent with a urinary tract infection (UTI). However, the patient's history of kidney stones and the fact that they are not sure how to answer the question about urine output suggest that the patient may have a kidney stone (nephrolithiasis). The patient's recent changes in appetite or weight are not relevant to the diagnosis.;1. Diagnosis Comparison:The student correctly identified the patient's symptoms as being consistent with a UTI. However, the student did not consider the patient's history of kidney stones and the fact that they were unsure how to answer the question about urine output, which led them to miss the diagnosis of nephrolithiasis. The correct diagnosis was provided in the clinical truth section. Grade: 10/20. Feedback: The student demonstrated good knowledge of UTI symptoms and key symptoms to check for. However, the student missed important details in the patient's medical history and failed to integrate these details into their diagnostic reasoning. To improve, the student should focus on integrating all relevant information into their diagnostic reasoning and considering alternative diagnoses based on the patient's history.
Achlorhydria;BioMistral/BioMistral-7B-DARE;BioMistral/BioMistral-7B-DARE;FINAL DIAGNOSIS: Gastroesophageal Reflux Disease (GERD)  CLINICAL JUSTIFICATION: The patient's symptoms of epigastric pain, nausea, bloating, and acid regurgitation are consistent with Gastroesophageal Reflux Disease (GERD). The patient's history of heartburn and chest pain, especially after meals, and the fact that the pain can last for several hours, are also consistent with GERD. The patient's history of taking antacids and other medications without much relief also supports the diagnosis of GERD. The patient's history of shortness of breath and dizziness along with chest pain is not consistent with GERD and may suggest a more serious condition such as a heart attack or pulmonary embolism. However, the patient's symptoms of nausea, vomiting, diarrhea, and constipation are consistent with GERD. The patient's history of weight loss and feeling full quickly after eating are also consistent with GERD. Overall, the patient's symptoms are consistent with GERD, and further testing such as an endoscopy or barium swallow may be necessary to confirm the diagnosis.;1. Diagnosis Comparison:The student diagnosed the patient with Gastroesophageal Reflux Disease (GERD), which is incorrect. The correct diagnosis is Achlorhydria. The student missed the key symptom of weight loss, which is a common symptom of Achlorhydria. Therefore, the student received a score of 3 out of 5 for this task. | 2. Interview Technique: The student used proper interview techniques, including asking open-ended questions and actively listening to the patient's responses. However, the student did not clarify the patient's symptoms of shortness of breath and dizziness along with chest pain, which could indicate a more serious condition such as a heart attack or pulmonary embolism. Therefore, the student received a score of 4 out of 5 for this task. | 3. Clinical Justification: The student provided a clear and concise clinical justification for the patient's symptoms. The student correctly identified the patient's symptoms of epigastric pain, nausea, bloating, and acid regurgitation as consistent with Gastroesophageal Reflux Disease (GERD). However, the student did not consider the patient's history of weight loss, which is a common symptom of Achlorhydria. Therefore, the student received a score of 4 out of 5 for this task. | 4. Final Diagnosis: The student incorrectly diagnosed the patient with Gastroesophageal Reflux Disease (GERD), which is not the correct diagnosis. The correct diagnosis is Achlorhydria. Therefore, the student received a score of 1 out of 5 for this task. | 5. Total Score: The student received an overall score of 12 out of 20 for this evaluation.
Skin Cancer;BioMistral/BioMistral-7B-DARE;BioMistral/BioMistral-7B-DARE;FINAL DIAGNOSIS: Basal Cell Carcinoma (BCC) and Actinic Keratosis (AK) JUSTIFICATION: The patient's history of a basal cell carcinoma (BCC) removed 20 years ago, along with the current symptoms of itching and redness on the arm, back, and face, are consistent with the diagnosis of BCC and actinic keratosis (AK). The patient's description of the rough, red, and bumpy skin on their back, as well as the mole-like spot on their leg, are also consistent with BCC. The patient's description of the red and rough spots on their face are consistent with AK. The patient's history of a small skin cancer removed 20 years ago, along with the current symptoms of itching and redness on the arm, back, and face, are consistent with the diagnosis of BCC and actinic keratosis (AK). The patient's description of the rough, red, and bumpy skin on their back, as well as the mole-like spot on their leg, are also consistent with BCC. The patient's description of the red and rough spots on their face are consistent with AK.;1. Diagnosis Comparison:The student correctly identified the presence of basal cell carcinoma (BCC) and actinic keratosis (AK) in the patient's case. This is equivalent to a score of 10/10. | 2. Key Symptoms Comparison: The student correctly identified the key symptoms of itching, redness, and roughness, as well as the appearance of the skin lesions described by the patient. This is equivalent to a score of 8/8. | 3. Interview Technique Comparison: The student demonstrated good interview techniques by asking open-ended questions and allowing the patient to provide a detailed description of their symptoms. This is equivalent to a score of 8/8. | 4. Final Diagnosis Comparison: The student provided an accurate final diagnosis of BCC and AK based on the patient's symptoms and medical history. This is equivalent to a score of 8/8. | 5. Overall Performance: The student demonstrated strong knowledge of skin cancer symptoms and diagnosis, as well as excellent communication skills during the simulated interview. This is equivalent to a grade of A+.
Obstructive Sleep Apnea;BioMistral/BioMistral-7B-DARE;BioMistral/BioMistral-7B-DARE;FINAL DIAGNOSIS: Obstructive Sleep Apnea (OSA) JUSTIFICATION: The patient's symptoms of excessive daytime sleepiness, snoring, and gasping during sleep are consistent with OSA. The patient's high BMI and age also increase the risk of OSA. The patient's history of difficulty falling asleep at night is also consistent with OSA. The patient's history of a sore throat in the morning is also consistent with OSA. The patient's history of changes in appetite or weight is not consistent with OSA.;1. Diagnosis Comparison:The student correctly identified the diagnosis of Obstructive Sleep Apnea (OSA) based on the provided clinical information. The student demonstrated an understanding of key symptoms to check for and used these symptoms to arrive at the correct diagnosis. The student did not identify any additional symptoms beyond what was provided in the case scenario. Grade: 10/20. | 2. Interview Technique Comparison: The student conducted a thorough interview with the patient, asking relevant questions and actively listening to the patient's responses. The student demonstrated good communication skills and showed empathy towards the patient. The student asked follow-up questions when necessary and clarified information when needed. The student did not interrupt the patient or make assumptions about the patient's condition. Grade: 15/20. | 3. Final Diagnosis Comparison: The student arrived at the correct final diagnosis of OSA based on the provided clinical information. The student demonstrated an understanding of the risk factors for OSA and the patient's symptoms were consistent with OSA. The student did not consider any additional information beyond what was provided in the case scenario. Grade: 10/20. | 4. Overall Performance: The student demonstrated a good understanding of the diagnosis and symptoms of OSA and conducted a thorough interview with the patient. The student demonstrated strong communication skills and showed empathy towards the patient. The student did not interrupt the patient or make assumptions about the patient's condition. However, the student did not consider any additional information beyond what was provided in the case scenario. Grade: 45/80.
Thyroiditis;BioMistral/BioMistral-7B-DARE;BioMistral/BioMistral-7B-DARE;FINAL DIAGNOSIS: Based on the symptoms mentioned, the patient is likely experiencing acute or subacute thyroiditis.  CLINICAL JUSTIFICATION: The patient's symptoms of fever, neck pain, cough, and difficulty swallowing are consistent with acute or subacute thyroiditis. Additionally, the patient's history of recent radiation to the neck and radioactive iodine treatment, as well as their current use of amiodarone, increase their risk of developing this condition. The patient's symptoms of hoarseness and choking sensation could also be indicative of underlying large goiter or large thyroid nodule or Riedel thyroiditis.;1. Diagnosis Comparison:The student correctly identified the patient's diagnosis as acute or subacute thyroiditis. This is correct as the patient's symptoms of fever, neck pain, cough, and difficulty swallowing are consistent with this condition. The student also considered the patient's history of recent radiation to the neck and radioactive iodine treatment, as well as their current use of amiodarone, which increases the risk of developing this condition. However, the student did not consider the possibility of underlying large goiter or large thyroid nodule or Riedel thyroiditis, which could also explain the patient's symptoms of hoarseness and choking sensation. Therefore, the student's diagnosis comparison score is 7 out of 10. | 2. Key Symptoms Comparison: The student correctly identified the key symptoms of acute and subacute thyroiditis, such as fever, neck pain, cough, and difficulty swallowing. However, the student did not identify the key symptoms of chronic thyroiditis, such as personal history and family history of autoimmune disease, local compressive symptoms in the neck, and medication history. Therefore, the student's key symptoms comparison score is 6 out of 10. | 3. Interview Skills Comparison: The student demonstrated good interview skills by asking relevant questions about the patient's medical history and symptoms. The student also demonstrated active listening skills by providing appropriate follow-up questions. However, the student did not ask the patient about their vital signs, which is an essential part of the physical examination. Therefore, the student's interview skills comparison score is 8 out of 10. | 4. Clinical Truth Comparison: The student demonstrated a good understanding of the clinical truth by identifying the patient's diagnosis as acute or subacute thyroiditis. The student also considered the patient's history of recent radiation to the neck and radioactive
Community-Acquired Pneumonia;BioMistral/BioMistral-7B-DARE;BioMistral/BioMistral-7B-DARE;FINAL DIAGNOSIS: Pneumonia.  CLINICAL JUSTIFICATION: Based on the patient's symptoms of coughing, coughing up phlegm, weakness, difficulty sleeping, weight loss, chills, chest pain, and shortness of breath, the most likely diagnosis is pneumonia. Pneumonia is an infection of the lungs that can cause inflammation and fluid buildup in the air sacs of the lungs, leading to symptoms such as cough, chest pain, and shortness of breath. The patient's history of difficulty breathing, especially during physical activity, and the color of their mucus being unknown further supports the diagnosis of pneumonia.;1. Diagnosis Comparison:The student correctly identified the diagnosis as pneumonia which matches the clinical truth. | 2. Symptom Identification: The student was able to identify all key symptoms of pneumonia, including cough, coughing up phlegm, weakness, difficulty sleeping, weight loss, chills, chest pain, and shortness of breath. However, the student did not ask about the color of the patient's mucus which is an important symptom to check for in pneumonia patients. The student also did not mention the possibility of an underlying chronic illness which could confound the initial presentation of pneumonia and result in delays in diagnosis and treatment. | 3. Interview Technique: The student demonstrated good interview technique by establishing rapport with the patient and actively listening to their concerns. The student asked appropriate follow-up questions to gather more information about the patient's symptoms and medical history. However, the student did not ask enough questions to fully evaluate the patient's travel history, which could have provided additional information about the cause of the patient's symptoms. | 4. Communication Skills: The student demonstrated good communication skills by clearly explaining the diagnosis and treatment plan to the patient. The student also demonstrated empathy towards the patient by acknowledging their concerns and reassuring them that they would receive appropriate care. | 5. Time Management: The student effectively managed their time by gathering all necessary information within the given time frame. | 6. Overall Performance: Based on the above evaluation, the student performed well in this clinical encounter. They were able to accurately diagnose the patient and demonstrate good interview technique and communication skills. However, they could improve by asking more questions about the patient's travel history and carefully considering the possibility of an underlying chronic illness.
