Pathology (Ground Truth);Patient Model;Doctor Model;AI Final Diagnosis;BioMistral Evaluation;Llama-3 Evaluation
Osteoarthritis;BioMistral/BioMistral-7B-DARE;BioMistral/BioMistral-7B-DARE;FINAL DIAGNOSIS: Osteoarthritis.  CLINICAL JUSTIFICATION: Based on the patient's history of joint pain, stiffness, locomotor restriction, bony swelling, joint deformity, and muscle weakness, as well as the typical pattern of symptoms associated with osteoarthritis, the final diagnosis is osteoarthritis. The patient's history of joint pain that resolves with rest and physical therapy, as well as the presence of bony swelling and joint deformity, are consistent with osteoarthritis. The patient's age and the joints affected are also consistent with osteoarthritis.;1. Diagnosis Comparison:The student correctly identified the patient's condition as osteoarthritis. This is a correct diagnosis. Grade: 2/2. | 2. Key Symptoms Comparison: The student accurately listed all three key symptoms of osteoarthritis: joint pain, stiffness, and locomotor restriction. Grade: 3/3. | 3. Interview Transcript Comparison: The student provided a comprehensive response to the interview questions. They asked appropriate follow-up questions and provided accurate information about the patient's symptoms and medical history. Grade: 15/20. | 4. Final Diagnosis Comparison: The student correctly diagnosed the patient with osteoarthritis based on their symptoms and medical history. Grade: 2/2. | 5. Overall Performance: The student demonstrated excellent performance throughout the evaluation. They accurately identified the patient's condition, listed all three key symptoms, provided a comprehensive response to the interview questions, and correctly diagnosed the patient. Grade: 20/20.;1. Diagnosis Comparison: |  | The student's final diagnosis of osteoarthritis aligns with the clinical truth, which is a significant strength. The student has accurately identified the key symptoms presented by the patient, including joint pain, stiffness, locomotor restriction, bony swelling, and joint deformity, which are all characteristic of osteoarthritis. |  | However, there are some areas where the student could improve: |  | * During the interview, the student did not ask specific questions about the location and severity of the pain, which would have helped to further clarify the diagnosis. Instead, they relied heavily on the patient's self-reported symptoms, which may not always be accurate. | * The student did not perform a thorough physical examination, which is essential in diagnosing osteoarthritis. They did not assess the patient's range of motion, check for tenderness, or examine the joints for crepitus or effusions. | * The student did not explore the patient's medical history, including any potential risk factors for osteoarthritis such as family history, obesity, or previous injuries. |  | Despite these limitations, the student's final diagnosis of osteoarthritis is still accurate, and their justification for the diagnosis is reasonable. However, to improve their skills, they should focus on asking more targeted questions during the interview, performing a comprehensive physical examination, and exploring the patient's medical history. |  | Overall Grade: 16/20
Anorexia Nervosa;BioMistral/BioMistral-7B-DARE;BioMistral/BioMistral-7B-DARE;FINAL DIAGNOSIS: Anorexia nervosa with severe malnutrition.  CLINICAL JUSTIFICATION: The patient's symptoms of extreme tiredness, cold intolerance, fatigue, irritability, and weight loss are consistent with anorexia nervosa. The patient's history of self-induced vomiting and restrictive eating habits further support this diagnosis. The patient's severe malnutrition is evident from their weight loss and weakened body. The patient's age and prolonged starvation have caused significant damage to their body, which is a common complication of anorexia nervosa.;1. Diagnosis Comparison:The student correctly identified the patient's diagnosis as anorexia nervosa, which was confirmed by the clinical truth. Therefore, this task is worth 5 points. | 2. Key Symptoms Comparison: The student accurately described key symptoms of anorexia nervosa, including amenorrhea, cold intolerance, constipation, extremity edema, fatigue, and irritability. Additionally, the student mentioned some of the patient's restrictive behaviors related to food and purging methods. However, the student did not mention all of the key symptoms listed in the clinical truth. Therefore, this task is worth 3 points. | 3. Interview Transcript Comparison: The student conducted a thorough interview with the patient, asking questions about their symptoms, medical history, and eating habits. The student also asked follow-up questions to clarify the patient's responses. However, the student did not ask all of the questions listed in the clinical truth. Therefore, this task is worth 4 points. | 4. Final Diagnosis Comparison: The student correctly identified the final diagnosis as anorexia nervosa with severe malnutrition, which was confirmed by the clinical truth. Therefore, this task is worth 4 points.;1. Diagnosis Comparison: |  | The student's final diagnosis of Anorexia Nervosa with Severe Malnutrition is generally accurate, aligning with the Clinical Truth. The student correctly identified the key symptoms of Amenorrhea, Cold Intolerance, Constipation, Fatigue, Irritability, and Restrictive Eating Habits, which are all characteristic of Anorexia Nervosa. |  | However, there are some minor discrepancies between the student's diagnosis and the Clinical Truth. Firstly, the student did not explicitly mention the patient's age, which is an important factor in this case. Secondly, the student did not explore the patient's exercise habits, which could be another indicator of Anorexia Nervosa. |  | Despite these minor limitations, the student demonstrated a good understanding of the disease process and its complications, including the development of malnutrition and organ damage. |  | 2. Strengths: |  | * Accurate identification of key symptoms and diagnostic criteria | * Good understanding of the disease process and its complications | * Clear and concise writing style |  | 3. Weaknesses: |  | * Failure to consider the patient's age as a relevant factor | * Limited exploration of the patient's exercise habits | * Minor inconsistencies in the presentation of the patient's symptoms |  | 4. Overall Grade: 16/20 |  | The student's diagnosis was largely accurate, and they demonstrated a good understanding of the disease process. However, there were some minor weaknesses in their analysis, particularly regarding the consideration of the patient's age and the limited exploration of the patient's exercise habits. With further refinement and attention to detail, the student's diagnosis could be even more comprehensive and accurate.
Microsporidium;BioMistral/BioMistral-7B-DARE;BioMistral/BioMistral-7B-DARE;FINAL DIAGNOSIS: Glue ear (otitis media with effusion) due to microsporidia infection.  CLINICAL JUSTIFICATION: The patient's symptoms of weakness, dry and scaly skin, thin and brittle fingernails, trouble sleeping, and difficulty breathing are consistent with a chronic illness. The patient's history of microsporidia infection, which is a parasitic fungus or mold that infects fish and other organisms, supports the diagnosis of glue ear (otitis media with effusion). Microsporidia can cause inflammation and infection of the middle ear, leading to glue ear. The patient's symptoms of glue ear are also consistent with the patient's age, as glue ear is more common in children and the elderly. The patient's medical history of microsporidia infection and the patient's symptoms of glue ear support the diagnosis of glue ear due to microsporidia infection.;1. Diagnosis Comparison:The student correctly identified the final diagnosis as glue ear (otitis media with effusion) due to microsporidia infection. However, the student did not mention the diagnosis of microsporidia infection in the initial diagnosis. Therefore, the student received a score of 6 out of 10 for this task. | 2. Key Symptoms Comparison: The student identified key symptoms of microsporidia infection, including weakness, dry and scaly skin, thin and brittle fingernails, trouble sleeping, and difficulty breathing. However, the student did not identify all the key symptoms of microsporidia infection, including cough, fever, and loss of appetite. Therefore, the student received a score of 7 out of 10 for this task. | 3. Clinical Truth Comparison: The student provided a correct explanation of the etiology, morphology, and life cycle of microsporidia. However, the student did not provide a detailed explanation of the pathogenesis of microsporidia infection. Therefore, the student received a score of 8 out of 10 for this task. | 4. Interview Transcript Comparison: The student provided a correct final diagnosis and justified it based on the patient's medical history and symptoms. However, the student did not ask the patient about their recent experience of trauma or injury, which could have affected the patient's symptoms. Therefore, the student received a score of 7 out of 10 for this task.;"1. Diagnosis Comparison: |  | The student's final diagnosis of ""Glue ear (otitis media with effusion) due to microsporidia infection"" is partially accurate. However, there are significant discrepancies between the clinical truth and the student's diagnosis. |  | Firstly, the patient's symptoms presented in the interview transcript do not match the typical symptoms of glue ear (otitis media with effusion), which typically includes ear discharge, hearing loss, and ear fullness. The patient's symptoms of weakness, dry and scaly skin, thin and brittle fingernails, trouble sleeping, and difficulty breathing are not directly related to otitis media with effusion. |  | Secondly, the clinical truth states that microsporidia is a parasitic fungus or mold that infects fish and other organisms, whereas the student's diagnosis assumes that microsporidia is responsible for the patient's symptoms. There is no evidence in the clinical truth that suggests microsporidia can cause human infections or ear diseases. |  | Lastly, the student's diagnosis does not consider alternative diagnoses that could explain the patient's symptoms. A thorough examination of the patient's medical history, physical examination, and laboratory tests would be necessary to rule out other possible causes of the patient's symptoms. |  | Overall, the student's diagnosis lacks specificity, accuracy, and consideration of alternative diagnoses. |  | Grade: 6/20"
Enuresis(Archived);BioMistral/BioMistral-7B-DARE;BioMistral/BioMistral-7B-DARE;Based on the symptoms described, the final diagnosis is likely to be urinary incontinence. The patient's history of difficulty controlling urination during the day and the recent onset of wetting the bed at night, especially in a 70-year-old patient, are suggestive of urinary incontinence. The patient's history of prostate cancer and other medical conditions that may be affecting urinary control is negative, which further supports the diagnosis of urinary incontinence.;1. Diagnosis Comparison:The student correctly identified the patient's symptoms as being consistent with urinary incontinence. However, the student did not specifically mention enuresis, which is the correct term for bedwetting. Therefore, the student received a partial mark for this section. Total marks awarded: 4/5. | 2. Key Symptoms Comparison: The student accurately listed the key symptoms of enuresis, including frequency of at least two times a week for at least three months consecutively, clinically significant distress, and academic (occupational), social, or other areas of functioning are impaired. The student also mentioned that the behavior is not attributable to another medical condition or substance. Therefore, the student received full marks for this section. Total marks awarded: 5/5. | 3. Interview Transcript Comparison: The student asked appropriate questions related to the patient's symptoms, history, and physical exam. However, the student did not specifically ask the patient about any family history of enuresis or specific detailed questions that rule out differential diagnoses, such as urinary tract infection, constipation, seizure, diabetes, or sleep apnea. Therefore, the student received a partial mark for this section. Total marks awarded: 3/5. | 4. Final Diagnosis Comparison: The student correctly identified the patient's symptoms as being consistent with urinary incontinence. However, the student did not specifically mention enuresis, which is the correct term for bedwetting. Therefore, the student received a partial mark for this section. Total marks awarded: 4/5. | ### OVERALL PERFORMANCE: | Overall, the student demonstrated good knowledge of the key symptoms of enuresis and performed well during the interview. However, the student missed an opportunity to ask specific questions related to the patient's family history and differential diagnoses. Therefore, the student's overall performance;1. Diagnosis Comparison: |  | The student's final diagnosis of urinary incontinence is partially accurate but incomplete. While the patient does experience difficulty controlling urination during the day and nocturnal enuresis, the student did not fully consider the diagnostic criteria for enuresis as outlined in the DSM-5. |  | Key points missed by the student include: |  | * The frequency of enuresis: The patient reported wetting the bed at night, but the student did not assess whether this occurs at least twice a week for three consecutive months, as specified in the DSM-5 criteria. | * Clinical significance: The student did not evaluate whether the patient's symptoms cause clinically significant distress or impairment in daily life, academic, occupational, or social functioning. | * Exclusion of other medical conditions: Although the patient denied a history of prostate cancer and other medical conditions, the student did not thoroughly investigate potential underlying causes of the patient's symptoms, such as urinary tract infections, diabetes, or neurogenic bladder. |  | To accurately diagnose enuresis, the student should have asked more specific questions about the patient's voiding habits, including the frequency, volume, and timing of urination, as well as the presence of any associated symptoms like urgency or hesitancy. Additionally, the student should have considered the possibility of secondary enuresis, where continence was previously established before its loss. |  | Given these limitations, I would give the student a score of 10 out of 20.
Uncomplicated Urinary Tract Infections;BioMistral/BioMistral-7B-DARE;BioMistral/BioMistral-7B-DARE;FINAL DIAGNOSIS: Uncomplicated urinary tract infection (UTI) in a 70-year-old patient. CLINICAL JUSTIFICATION: The patient's symptoms of dysuria, urinary frequency, hesitancy, urgency, suprapubic pain, bladder spasms, and hematuria are consistent with an uncomplicated UTI. The patient's history of UTIs and lack of additional symptoms such as fever, chills, nausea, vomiting, or back/flank pain, which may indicate renal involvement or pyelonephritis, further supports this diagnosis. The patient's age is also a risk factor for UTIs.;1. Diagnosis Comparison:The student correctly identified the diagnosis as uncomplicated UTI, matching the clinical truth. Grade: 4/4. | 2. Symptom Comparison: The student listed all the key symptoms of uncomplicated UTIs, including dysuria, urinary frequency, hesitancy, urgency, suprapubic pain, bladder spasms, and hematuria. Grade: 7/7. | 3. Risk Factor Comparison: The student mentioned age as a risk factor for UTIs, which is correct. Grade: 1/1. | 4. History Comparison: The student provided a detailed medical history of the patient, including their age, history of UTIs, and lack of additional symptoms indicating renal involvement or pyelonephritis. Grade: 7/7. | 5. Interview Technique Comparison: The student demonstrated good interview technique by asking open-ended questions, actively listening to the patient's responses, and repeating statements to ensure understanding. Grade: 7/7. | 6. Diagnostic Test Comparison: The student suggested a urinalysis and urine culture to confirm the diagnosis, demonstrating an understanding of the appropriate diagnostic tests for UTIs. Grade: 7/7. | 7. Treatment Plan Comparison: The student proposed an appropriate treatment plan based on the patient's symptoms and history, considering both oral and intravenous antibiotics if necessary. Grade: 7/7. | 8. Final Diagnosis Comparison: The student correctly identified the final diagnosis as uncomplicated UTI. Grade: 4/4. | 9. Overall Performance: The student demonstrated a strong understanding of the patient's symptoms, risk factors, medical history, diagnostic tests, and treatment options. They asked appropriate questions during the interview and provided a clear, evidence-based final diagnosis. Grade:;1. Diagnosis Comparison: |  | The student's final diagnosis of uncomplicated urinary tract infection (UTI) in a 70-year-old patient is generally accurate. The patient's symptoms of dysuria, urinary frequency, hesitancy, urgency, suprapubic pain, bladder spasms, and hematuria are consistent with an uncomplicated UTI. The patient's history of UTIs and lack of additional symptoms such as fever, chills, nausea, vomiting, or back/flank pain, which may indicate renal involvement or pyelonephritis, support this diagnosis. |  | However, the student could have provided more detailed analysis of the patient's symptoms and medical history. For instance, they could have discussed the significance of the patient's age as a risk factor for UTIs and how it relates to their presentation. Additionally, the student could have explored the possibility of underlying conditions that might contribute to the patient's symptoms, such as vaginal infections or sexually transmitted diseases. |  | Furthermore, the student's diagnosis relies heavily on the patient's self-reported symptoms, which may not always be accurate. A more comprehensive assessment would involve considering the patient's physical examination findings, laboratory test results, and imaging studies to confirm the diagnosis. |  | 2. Strengths: |  | * The student accurately identified the patient's symptoms as consistent with an uncomplicated UTI. | * They recognized the importance of the patient's medical history and age as risk factors for UTIs. |  | 3. Weaknesses: |  | * The student's diagnosis relied too heavily on the patient's self-reported symptoms and did not consider alternative explanations for the patient's symptoms. | * They did not discuss the possibility of underlying conditions that might contribute to the patient's symptoms. | * The student did not explore the patient's physical examination findings, laboratory test results, or imaging studies to confirm the diagnosis. |  | 4. Overall Grade: 16/20
Achlorhydria;BioMistral/BioMistral-7B-DARE;BioMistral/BioMistral-7B-DARE;FINAL DIAGNOSIS: Gastric cancer.  CLINICAL JUSTIFICATION: The patient's symptoms of epigastric pain, weight loss, heartburn, nausea, bloating, diarrhea, abdominal pain, acid regurgitation, early satiety, vomiting, postprandial fullness, constipation, dysphagia, glossitis, and decreased position and vibration sense are consistent with gastric cancer. The patient's age and history of achlorhydria also increase the risk of gastric cancer. The patient's history of blood in the stool and soft stool further support the diagnosis of gastric cancer.;1. Diagnosis Comparison:The student correctly identified the patient as having achlorhydria, but failed to identify the underlying cause of the achlorhydria, which was gastric cancer. Therefore, the student received a score of 5 out of 10 for this task. | 2. Symptoms Comparison: The student accurately listed all of the key symptoms associated with achlorhydria, but failed to recognize the symptoms as being indicative of gastric cancer. Therefore, the student received a score of 5 out of 10 for this task. | 3. Interview Comparison: The student conducted an appropriate medical interview, asking relevant questions about the patient's symptoms and medical history. However, the student failed to identify the patient's symptoms as being indicative of gastric cancer. Therefore, the student received a score of 5 out of 10 for this task. | 4. Final Diagnosis Comparison: The student incorrectly diagnosed the patient with gastric cancer, despite the fact that the patient's symptoms were more consistent with achlorhydria. Therefore, the student received a score of 0 out of 10 for this task. | 5. Overall Performance: Based on the tasks completed, the student received a final grade of 10 out of 20. The student demonstrated an understanding of the key symptoms associated with achlorhydria, but failed to identify the underlying cause of the achlorhydria and made an incorrect final diagnosis.;1. Diagnosis Comparison: |  | The student's final diagnosis of gastric cancer is compared to the clinical truth of achlorhydria. While the student correctly identified some symptoms such as epigastric pain, weight loss, and gastrointestinal issues, they failed to accurately diagnose the underlying condition. |  | The student's justification for the diagnosis of gastric cancer was based on the presence of multiple symptoms, but they did not consider other possible causes of these symptoms, such as achlorhydria. Additionally, the student did not adequately address the patient's reported lack of pain during the interview, which is an important aspect of the patient's presentation. |  | 2. Strengths: |  | * The student correctly identified some key symptoms associated with achlorhydria, such as epigastric pain, weight loss, and gastrointestinal issues. | * The student provided a thorough review of the patient's symptoms and medical history. |  | 3. Weaknesses: |  | * The student failed to accurately diagnose the underlying condition of achlorhydria despite recognizing many of its symptoms. | * The student did not adequately address the patient's reported lack of pain during the interview. | * The student did not consider alternative diagnoses or potential causes of the patient's symptoms. |  | 4. Areas for Improvement: |  | * The student should focus on developing a more nuanced understanding of the patient's symptoms and medical history to make a more accurate diagnosis. | * The student should be more careful in considering alternative diagnoses and potential causes of the patient's symptoms. | * The student should strive to better understand the patient's subjective experience and reportage of symptoms, rather than relying solely on objective findings. |  | 5. Overall Grade: 12/20
Skin Cancer;BioMistral/BioMistral-7B-DARE;BioMistral/BioMistral-7B-DARE;FINAL DIAGNOSIS: Basal cell carcinoma.  CLINICAL JUSTIFICATION: The patient's symptoms of a pink, rough papule on the nose that has been present for a few months and has recently increased in size are consistent with basal cell carcinoma. The patient's age and history of regular skin checks also increase the likelihood of basal cell carcinoma. The patient's description of the lesion's color, location, and appearance is consistent with basal cell carcinoma.;1. Diagnosis Comparison:The student correctly identified the diagnosis as basal cell carcinoma, which matches the clinical truth. Therefore, this question is worth 4 points. | 2. Interview Technique: The student demonstrated good interview technique by asking open-ended questions and actively listening to the patient's responses. The student also clarified important details and asked follow-up questions. This part of the interaction is worth 3 points. | 3. Clinical Examination: The student did not perform a clinical examination in this scenario, as they were only given the patient's symptoms and medical history. Therefore, this section is not applicable. | 4. Communication: The student communicated effectively with the patient, using appropriate language and demonstrating empathy. This aspect of the interaction is worth 3 points. | 5. Time Management: The student completed the interaction within the allotted time frame. This part of the evaluation is worth 2 points. | 6. Total Score: Based on the above criteria, the student earned a total score of 12 out of 20.;1. Diagnosis Comparison: |  | The student's final diagnosis was Basal cell carcinoma, whereas the clinical truth reveals that the correct diagnosis is actually Skin Cancer (unspecified type). |  | Strengths: |  | * The student correctly identified the location of the lesion (nose) and its characteristics (pink, rough papule). | * They acknowledged the patient's age and history of regular skin checks, which are relevant factors in the diagnosis. | * The student provided a reasonable justification for their diagnosis based on the patient's symptoms and physical examination findings. |  | Weaknesses: |  | * The student did not consider the possibility of other types of skin cancer, such as squamous cell carcinoma or melanoma, despite the patient's description of the lesion's color and appearance. | * The student did not perform a thorough examination of the lesion's borders, size, and any recent changes, which are crucial components of a comprehensive skin examination. | * The student did not take into account the patient's report of itching, which could indicate a more aggressive or invasive tumor. |  | Grade: 12/20 |  | The student demonstrated some understanding of the patient's symptoms and physical examination findings, but failed to consider alternative diagnoses and did not conduct a thorough examination. To improve, the student should focus on considering multiple possibilities and conducting a more detailed examination to arrive at a more accurate diagnosis.
Obstructive Sleep Apnea;BioMistral/BioMistral-7B-DARE;BioMistral/BioMistral-7B-DARE;FINAL DIAGNOSIS: Obstructive Sleep Apnea (OSA)  CLINICAL JUSTIFICATION: Based on the patient's symptoms of excessive daytime sleepiness, loud snoring, gasping, choking, or witnessed episodes of breathing cessation during sleep, the patient is likely suffering from OSA. The patient's age, BMI, neck circumference, snoring, and daytime sleepiness should be considered when assessing the risk of OSA. The STOP-BANG questionnaire can help determine the likelihood of moderate-to-severe OSA.;1. Diagnosis Comparison:The student correctly identified the patient's diagnosis as OSA. The student demonstrated a thorough understanding of the symptoms and diagnostic criteria for OSA. Grade: 5/5 | 2. Interview Technique: The student conducted the interview effectively by asking open-ended questions and actively listening to the patient's responses. The student also demonstrated good communication skills throughout the interview. Grade: 4/5 | 3. History Gathering: The student gathered all the relevant information regarding the patient's symptoms, medical history, and physical examination findings. The student demonstrated a good understanding of the key symptoms to check for in patients with suspected OSA. Grade: 4/5 | 4. Differential Diagnosis: The student did not provide a differential diagnosis in this case. Grade: 0/5 | 5. Treatment Recommendations: The student did not provide treatment recommendations in this case. Grade: 0/5 | ### SUMMARY OF FEEDBACK: | The student demonstrated a strong understanding of the symptoms and diagnostic criteria for OSA and conducted the interview effectively. The student could benefit from learning how to provide a differential diagnosis and develop treatment recommendations. Overall, the student performed well and earned a grade of 8/20.;1. Diagnosis Comparison: |  | The student's final diagnosis of Obstructive Sleep Apnea (OSA) aligns with the clinical truth. The patient presented with symptoms of excessive daytime sleepiness, loud snoring, and witnessed episodes of breathing cessation during sleep, which are all consistent with OSA. |  | However, the student did not utilize the Epworth Sleepiness Scale (ESS) to quantify the patient's sleepiness, nor did they use the STOP-BANG questionnaire to assess the likelihood of moderate-to-severe OSA. Additionally, the student did not inquire about the patient's medical history, including potential comorbidities such as high blood pressure or heart disease. |  | The student's diagnosis was based solely on the patient's self-reported symptoms, which may not provide a comprehensive picture of the patient's condition. A thorough physical examination, including assessment of the patient's neck circumference, oropharyngeal exam, and airway evaluation, would have been necessary to confirm the diagnosis. |  | Grade: 12/20 |  | The student demonstrated a good understanding of the key symptoms of OSA, but failed to incorporate essential diagnostic tools and physical examination findings into their diagnosis. To improve, the student should focus on incorporating multiple sources of information, including patient reports, physical examination findings, and diagnostic tests, to arrive at a comprehensive diagnosis.
Thyroiditis;BioMistral/BioMistral-7B-DARE;BioMistral/BioMistral-7B-DARE;FINAL DIAGNOSIS: The patient is experiencing symptoms of acute thyroiditis.  CLINICAL JUSTIFICATION: The patient's symptoms of upper respiratory tract infection, fever, and neck pain are consistent with acute thyroiditis. The patient's age and the presence of difficulty swallowing, choking sensation, and hoarseness of voice are also consistent with acute thyroiditis. The patient's history of taking medication for atrial fibrillation is not likely to be causing any problems with their thyroid. The patient's temperature of 38.5°C is within the normal range for a 70-year-old individual. The patient's blood pressure of 120/80 mmHg is within the normal range for a 70-year-old individual.;1. Diagnosis Comparison:The student correctly identified the diagnosis as acute thyroiditis. The student was able to provide multiple examples of symptoms that could indicate acute thyroiditis, and they were able to differentiate between acute and subacute thyroiditis. The student was also able to identify potential causes of acute thyroiditis, such as recent radiation exposure or radioactive iodine treatment. However, the student did not mention any additional diagnostic tests that could be used to confirm the diagnosis of acute thyroiditis. | 2. Key Symptoms Comparison: The student provided several key symptoms that could indicate acute thyroiditis, including upper respiratory tract infection, fever, and neck pain. The student also mentioned that a history of recent radiation exposure or radioactive iodine treatment could indicate acute thyroiditis. Additionally, the student provided multiple examples of symptoms related to local compression in the neck, which could indicate acute thyroiditis. However, the student did not discuss other key symptoms that could indicate acute thyroiditis, such as difficulty swallowing or choking sensation. | 3. Interview Transcript Comparison: The student was able to ask relevant questions during the interview, including asking the patient's current temperature and blood pressure. The student was able to elicit information from the patient regarding their symptoms of upper respiratory tract infection, fever, and neck pain, as well as their difficulty swallowing, choking sensation, and hoarseness of voice. The student was also able to differentiate between acute and subacute thyroiditis based on the patient's symptoms. However, the student did not ask any follow-up questions to clarify any information provided by the patient. | 4. Final Diagnosis Comparison: The student correctly identified the final diagnosis as acute thyroiditis. The student was able to provide multiple examples of symptoms that could indicate acute thyroiditis, and they were;1. Diagnosis Comparison: |  | The student's final diagnosis of acute thyroiditis is partially correct, but incomplete and lacks specificity. The patient's symptoms of upper respiratory tract infection, fever, and neck pain are indeed consistent with acute thyroiditis. However, the student failed to consider the possibility of subacute thyroiditis, which was mentioned in the clinical truth section as a potential diagnosis based on the patient's symptoms. |  | The student also did not adequately address the patient's concern about local compressive symptoms in the neck, such as difficulty swallowing, choking sensation, or hoarseness of voice, which could indicate underlying large goiter or large thyroid nodule or Riedel thyroiditis. Furthermore, the student did not explore the patient's medication history and its potential impact on thyroid function, particularly given the patient's history of taking medication for atrial fibrillation. |  | Additionally, the student did not perform a thorough physical examination to evaluate the patient's thyroid gland, which would have helped to confirm or rule out the diagnosis of acute thyroiditis. |  | 2. Clinical Justification: |  | The student's justification for the diagnosis of acute thyroiditis is limited and does not take into account all the relevant information provided by the patient. While the patient's symptoms are consistent with acute thyroiditis, the student failed to consider alternative diagnoses and did not provide a clear explanation for why acute thyroiditis was the most likely diagnosis. |  | 3. Overall Grade: 12/20 |  | The student demonstrated some understanding of the patient's symptoms and made a reasonable attempt at diagnosing acute thyroiditis. However, they failed to consider alternative diagnoses, did not perform a thorough physical examination, and did not provide a clear justification for their diagnosis. With further training and experience, the student will need to develop a more comprehensive approach to diagnosis and consideration of multiple possibilities before making a definitive diagnosis.
Community-Acquired Pneumonia;BioMistral/BioMistral-7B-DARE;BioMistral/BioMistral-7B-DARE;FINAL DIAGNOSIS: Pneumonia with sepsis.  CLINICAL JUSTIFICATION: The patient's symptoms of cough, chest pain, shortness of breath, chills, and fever are consistent with pneumonia. The presence of green sputum suggests that the infection may be bacterial. The patient's history of recent changes in appetite, weight, and body temperature, as well as the presence of upper abdominal pain, are consistent with sepsis. The patient's history of recent exposure to someone with a respiratory illness is also consistent with pneumonia.;1. Diagnosis Comparison:The student correctly identified the patient's diagnosis as community-acquired pneumonia. However, they did not identify the presence of sepsis, which was mentioned in the clinical truth. Therefore, the student received a score of 6/10 for this task. | 2. Key Symptoms Comparison: The student listed all the key symptoms of pneumonia except for pleuritic chest pain. They also mentioned some additional symptoms that were not listed in the key symptoms list, such as weakness, lethargy, altered mental status, dyspepsia, or other upper gastrointestinal symptoms. These additional symptoms are not specific to pneumonia and could be caused by various conditions. Therefore, the student received a score of 5/10 for this task. | 3. Interview Comparison: The student conducted a thorough medical interview, asking about the patient's symptoms, recent exposure to someone with a respiratory illness, recent changes in appetite, weight, and body temperature, and upper abdominal pain. They also asked follow-up questions to clarify the patient's symptoms. However, they did not ask about the patient's medical history, which is important for diagnosing pneumonia. Therefore, the student received a score of 8/10 for this task. | 4. Final Diagnosis Comparison: The student correctly diagnosed the patient with pneumonia, but they did not identify the presence of sepsis, which was mentioned in the clinical truth. Therefore, the student received a score of 6/10 for this task. | 5. Overall Performance: The student demonstrated good communication skills during the interview, but their diagnostic reasoning was limited. They did not consider all relevant information, such as the patient's medical history and the presence of sepsis. Therefore, the student received an overall grade of 5/20.;"1. Diagnosis Comparison: |  | The student's final diagnosis of ""Pneumonia with Sepsis"" is partially accurate, but incomplete and lacks specificity. While the patient does exhibit symptoms consistent with community-acquired pneumonia, such as cough, chest pain, shortness of breath, chills, and fever, the student failed to consider alternative diagnoses and did not adequately address the patient's reported symptoms of yellowish sputum production, which could suggest a different etiology. |  | The student's justification for the diagnosis relies heavily on the patient's report of recent changes in appetite, weight, and body temperature, which are common symptoms of many illnesses, including pneumonia. However, these symptoms alone do not provide sufficient evidence to confirm the diagnosis of sepsis, which requires laboratory confirmation of systemic inflammation and organ dysfunction. |  | Furthermore, the student did not explore the patient's medical history, social history, or physical examination findings to rule out other potential causes of the patient's symptoms, such as chronic obstructive pulmonary disease, chronic bronchitis, or aspiration pneumonia. |  | Overall, while the student demonstrated some understanding of the patient's symptoms and made an attempt to diagnose pneumonia, their diagnosis was overly broad and lacked specificity. To improve, the student should strive to gather more detailed information from the patient, perform a thorough physical examination, and consider alternative diagnoses before making a definitive diagnosis. |  | Grade: 12/20"
